id,blog_id,order_no,caption,image_url,timestamp_created,timestamp_updated
1,1,1,caption01,blogimage01.png,2018-12-31 12:00:00,2018-12-31 12:00:00
2,2,1,caption02,blogimage02.png,2018-12-31 12:00:00,2018-12-31 12:00:00
3,3,1,caption03,blogimage03.png,2018-12-31 12:00:00,2018-12-31 12:00:00
4,4,1,caption04,blogimage04.png,2018-12-31 12:00:00,2018-12-31 12:00:00
5,5,1,caption05,blogimage05.png,2018-12-31 12:00:00,2018-12-31 12:00:00
6,6,1,caption06,blogimage06.png,2018-12-31 12:00:00,2018-12-31 12:00:00
7,7,1,caption07,blogimage07.png,2018-12-31 12:00:00,2018-12-31 12:00:00
8,8,1,caption08,blogimage08.png,2018-12-31 12:00:00,2018-12-31 12:00:00
9,9,1,caption09,blogimage09.png,2018-12-31 12:00:00,2018-12-31 12:00:00
10,1,2,caption10,blogimage10.png,2018-12-31 12:00:00,2018-12-31 12:00:00
11,2,2,caption11,blogimage11.png,2018-12-31 12:00:00,2018-12-31 12:00:00
12,3,2,caption12,blogimage12.png,2018-12-31 12:00:00,2018-12-31 12:00:00
13,4,2,caption13,blogimage13.png,2018-12-31 12:00:00,2018-12-31 12:00:00
14,5,2,caption14,blogimage14.png,2018-12-31 12:00:00,2018-12-31 12:00:00
15,6,2,caption15,blogimage15.png,2018-12-31 12:00:00,2018-12-31 12:00:00
16,7,2,caption16,blogimage16.png,2018-12-31 12:00:00,2018-12-31 12:00:00
17,8,2,caption17,blogimage17.png,2018-12-31 12:00:00,2018-12-31 12:00:00
18,9,2,caption18,blogimage18.png,2018-12-31 12:00:00,2018-12-31 12:00:00